{"cameraMode":{"drawMode":0,"name":"Shaded","section":"Shading Mode"},"sceneLighting":true,"audioPlay":false,"sceneViewState":{"m_AlwaysRefresh":false,"showFog":true,"showSkybox":true,"showFlares":true,"showImageEffects":true,"showParticleSystems":true,"showVisualEffectGraphs":true,"m_FxEnabled":true},"in2DMode":false,"pivot":{"x":13.981218338012696,"y":5.780560493469238,"z":-20.888092041015626},"rotation":{"x":0.40745672583580019,"y":-0.049281757324934009,"z":0.022026002407073976,"w":0.9116519093513489},"size":4.223933696746826,"orthographic":false}