{"cameraMode":{"drawMode":0,"name":"Shaded","section":"Shading Mode"},"sceneLighting":true,"audioPlay":false,"sceneViewState":{"m_AlwaysRefresh":false,"showFog":true,"showSkybox":true,"showFlares":true,"showImageEffects":true,"showParticleSystems":true,"showVisualEffectGraphs":true,"m_FxEnabled":true},"in2DMode":false,"pivot":{"x":-6.5515336990356449,"y":3.648638963699341,"z":-0.6599527597427368},"rotation":{"x":0.07206198573112488,"y":0.6641151309013367,"z":-0.06455159187316895,"w":0.741348147392273},"size":0.0008173205424100161,"orthographic":false}