{"cameraMode":{"drawMode":0,"name":"Shaded","section":"Shading Mode"},"sceneLighting":true,"audioPlay":false,"sceneViewState":{"m_AlwaysRefresh":false,"showFog":true,"showSkybox":true,"showFlares":true,"showImageEffects":true,"showParticleSystems":true,"showVisualEffectGraphs":true,"m_FxEnabled":true},"in2DMode":false,"pivot":{"x":19.895427703857423,"y":-21.302566528320314,"z":-17.315189361572267},"rotation":{"x":-0.16814474761486054,"y":0.8315861225128174,"z":-0.36242109537124636,"w":-0.3858073353767395},"size":16.442548751831056,"orthographic":false}